{
  "AppVersion": "1.7.4.2",
  "Title": "matrix Operator",
  "Thumbnail": "oilndipi.jpg",
  "Preview": "xam5dmce.gif",
  "Desc": "This project is a WebGL implementation of the raining green code seen in The Matrix Trilogy. It's built right on top of the upcoming graphics API WebGPU, but falls back to the functional WebGL wrapper, REGL; its previous Three.js version is maintained in a separate branch.",
  "Author": "Rezmason",
  "License": null,
  "Contact": "https://rezmason.github.io/matrix/?version=operator",
  "Type": 3,
  "FileName": "https://rezmason.github.io/matrix/?version=operator",
  "Arguments": null,
  "IsAbsolutePath": false
}